"Timestamp","Gender","Course ","What makes you happy ?
Reflect on the past, and recall an event that happened to you that made you happy."
"2025/10/14 11:20:51 AM GMT+5:30","Male","Postgraduate","Achievement"
"2025/10/14 11:21:01 AM GMT+5:30","Male","Postgraduate","Achievement"
"2025/10/14 11:21:18 AM GMT+5:30","Female","Postgraduate","Achievement"
"2025/10/14 11:21:30 AM GMT+5:30","Male","Postgraduate","Exercise"
"2025/10/14 11:22:01 AM GMT+5:30","Female","Postgraduate","Bonding"
"2025/10/14 11:22:19 AM GMT+5:30","Female","Postgraduate","Achievement"
"2025/10/14 11:23:43 AM GMT+5:30","Male","Postgraduate","Achievement"
"2025/10/14 11:25:21 AM GMT+5:30","Female","Postgraduate","Achievement"
"2025/10/14 11:25:39 AM GMT+5:30","Female","Postgraduate","Affection"
"2025/10/14 11:26:13 AM GMT+5:30","Female","Postgraduate","Nature"
"2025/10/14 11:26:37 AM GMT+5:30","Female","Postgraduate","Exercise"
"2025/10/14 11:26:45 AM GMT+5:30","Female","Postgraduate","Achievement"
"2025/10/14 11:26:49 AM GMT+5:30","Female","Postgraduate","Nature"
"2025/10/14 11:26:52 AM GMT+5:30","Male","Postgraduate","Nature"
"2025/10/14 11:27:12 AM GMT+5:30","Male","Postgraduate","Bonding"
"2025/10/14 11:28:39 AM GMT+5:30","Female","Postgraduate","Enjoy the moment"
"2025/10/14 11:29:05 AM GMT+5:30","Female","Postgraduate","Bonding"
"2025/10/14 11:29:46 AM GMT+5:30","Female","Postgraduate","Bonding"
"2025/10/14 11:38:53 AM GMT+5:30","Female","Postgraduate","Achievement"
"2025/10/14 2:00:19 PM GMT+5:30","Female","Postgraduate","Bonding"
"2025/10/14 3:47:43 PM GMT+5:30","Female","Undergraduate","Bonding"
"2025/10/14 3:51:05 PM GMT+5:30","Male","Undergraduate","Leisure"
"2025/10/14 3:59:20 PM GMT+5:30","Female","Undergraduate","Enjoy the moment"
"2025/10/14 3:59:27 PM GMT+5:30","Female","Undergraduate","Nature"
"2025/10/14 3:59:27 PM GMT+5:30","Male","Postgraduate","Enjoy the moment"
"2025/10/14 3:59:35 PM GMT+5:30","Female","Undergraduate","Achievement"
"2025/10/14 3:59:40 PM GMT+5:30","Male","Undergraduate","Achievement"
"2025/10/14 3:59:48 PM GMT+5:30","Female","Undergraduate","Affection"
"2025/10/14 3:59:57 PM GMT+5:30","Male","Undergraduate","Enjoy the moment"
"2025/10/14 4:00:01 PM GMT+5:30","Male","Undergraduate","Affection"
"2025/10/14 4:00:05 PM GMT+5:30","Male","Undergraduate","Bonding"
"2025/10/14 4:00:24 PM GMT+5:30","Male","Undergraduate","Achievement"
"2025/10/14 4:00:38 PM GMT+5:30","Male","Undergraduate","Affection"
"2025/10/14 4:00:41 PM GMT+5:30","Male","Undergraduate","Nature"
"2025/10/14 4:00:42 PM GMT+5:30","Male","Undergraduate","Achievement"
"2025/10/14 4:01:28 PM GMT+5:30","Female","Undergraduate","Nature"
"2025/10/14 4:02:13 PM GMT+5:30","Female","Undergraduate","Enjoy the moment"
"2025/10/14 4:02:23 PM GMT+5:30","Male","Undergraduate","Nature"
"2025/10/14 4:02:31 PM GMT+5:30","Male","Undergraduate","Achievement"
"2025/10/14 4:02:37 PM GMT+5:30","Male","Undergraduate","Achievement"
"2025/10/14 4:02:56 PM GMT+5:30","Male","Undergraduate","Achievement"
"2025/10/14 4:03:37 PM GMT+5:30","Male","Undergraduate","Achievement"
"2025/10/14 4:04:17 PM GMT+5:30","Male","Undergraduate","Affection"
"2025/10/14 4:04:28 PM GMT+5:30","Male","Undergraduate","Achievement"
"2025/10/14 4:05:31 PM GMT+5:30","Male","Undergraduate","Affection"
"2025/10/14 4:05:56 PM GMT+5:30","Female","Undergraduate","Affection"
"2025/10/14 4:05:59 PM GMT+5:30","Male","Undergraduate","Bonding"
"2025/10/14 4:06:02 PM GMT+5:30","Male","Undergraduate","Bonding"
"2025/10/14 4:06:17 PM GMT+5:30","Male","Undergraduate","Leisure"
"2025/10/14 4:06:31 PM GMT+5:30","Male","Undergraduate","Bonding"
"2025/10/14 4:06:49 PM GMT+5:30","Male","Undergraduate","Achievement"
"2025/10/14 4:07:49 PM GMT+5:30","Male","Undergraduate","Affection"
"2025/10/14 4:08:44 PM GMT+5:30","Male","Undergraduate","Bonding"
"2025/10/14 4:09:18 PM GMT+5:30","Female","Undergraduate","Affection"
"2025/10/14 4:10:41 PM GMT+5:30","Male","Undergraduate","Enjoy the moment"
"2025/10/14 4:11:18 PM GMT+5:30","Male","Undergraduate","Nature"
"2025/10/14 4:12:11 PM GMT+5:30","Male","Undergraduate","Achievement"
"2025/10/14 4:15:25 PM GMT+5:30","Male","Undergraduate","Nature"
"2025/10/14 4:15:38 PM GMT+5:30","Male","Undergraduate","Achievement"
"2025/10/14 4:16:45 PM GMT+5:30","Male","Undergraduate","Affection"
"2025/10/14 4:21:10 PM GMT+5:30","Male","Undergraduate","Achievement"
"2025/10/14 4:21:17 PM GMT+5:30","Female","Undergraduate","Affection"
"2025/10/14 4:22:28 PM GMT+5:30","Male","Undergraduate","Nature"
"2025/10/14 4:22:50 PM GMT+5:30","Male","Undergraduate","Exercise"
"2025/10/14 4:22:52 PM GMT+5:30","Male","Undergraduate","Achievement"
"2025/10/14 4:23:31 PM GMT+5:30","Male","Undergraduate","Nature"
"2025/10/14 4:24:57 PM GMT+5:30","Male","Undergraduate","Bonding"
"2025/10/14 4:28:29 PM GMT+5:30","Male","Undergraduate","Achievement"
"2025/10/14 4:31:34 PM GMT+5:30","Female","Undergraduate","Enjoy the moment"
"2025/10/14 4:31:59 PM GMT+5:30","Female","Postgraduate","Affection"
"2025/10/14 4:35:21 PM GMT+5:30","Female","Postgraduate","Bonding"
"2025/10/14 4:55:34 PM GMT+5:30","Male","Undergraduate","Achievement"
"2025/10/14 4:58:44 PM GMT+5:30","Prefer not to say","Undergraduate","Nature"
"2025/10/14 5:07:16 PM GMT+5:30","Female","Undergraduate","Enjoy the moment"
"2025/10/14 5:07:32 PM GMT+5:30","Male","Postgraduate","Affection"
"2025/10/14 5:23:06 PM GMT+5:30","Female","Undergraduate","Nature"
"2025/10/14 5:23:17 PM GMT+5:30","Male","Undergraduate","Bonding"
"2025/10/14 5:51:50 PM GMT+5:30","Female","Undergraduate","Affection"
"2025/10/14 6:00:10 PM GMT+5:30","Male","Undergraduate","Bonding"
"2025/10/14 6:11:55 PM GMT+5:30","Female","Undergraduate","Nature"
"2025/10/14 6:19:29 PM GMT+5:30","Male","Undergraduate","Achievement"
"2025/10/14 6:33:57 PM GMT+5:30","Male","Undergraduate","Achievement"
"2025/10/14 6:36:21 PM GMT+5:30","Female","Undergraduate","Achievement"
"2025/10/14 6:50:32 PM GMT+5:30","Female","Undergraduate","Leisure"
"2025/10/14 7:04:12 PM GMT+5:30","Male","Undergraduate","Enjoy the moment"
"2025/10/14 7:06:33 PM GMT+5:30","Male","Postgraduate","Achievement"
"2025/10/14 7:06:42 PM GMT+5:30","Male","Undergraduate","Nature"
"2025/10/14 7:16:19 PM GMT+5:30","Male","Undergraduate","Achievement"
"2025/10/14 7:16:56 PM GMT+5:30","Male","Undergraduate","Exercise"
"2025/10/14 7:20:02 PM GMT+5:30","Male","Undergraduate","Affection"
"2025/10/14 7:44:38 PM GMT+5:30","Female","Postgraduate","Enjoy the moment"
"2025/10/14 7:46:40 PM GMT+5:30","Male","Undergraduate","Achievement"
"2025/10/14 7:50:59 PM GMT+5:30","Female","Postgraduate","Leisure"
"2025/10/14 7:51:18 PM GMT+5:30","Female","Postgraduate","Nature"
"2025/10/14 8:11:34 PM GMT+5:30","Female","Postgraduate","Nature"
"2025/10/14 8:12:35 PM GMT+5:30","Female","Postgraduate","Nature"
"2025/10/14 8:14:15 PM GMT+5:30","Female","Postgraduate","Affection"
"2025/10/14 8:16:51 PM GMT+5:30","Female","Postgraduate","Affection"
"2025/10/14 8:17:48 PM GMT+5:30","Male","Postgraduate","Bonding"
"2025/10/14 8:40:11 PM GMT+5:30","Male","Undergraduate","Affection"
"2025/10/14 9:27:41 PM GMT+5:30","Female","Postgraduate","Enjoy the moment"
"2025/10/15 11:07:27 AM GMT+5:30","Male","Undergraduate","Achievement"
"2025/10/15 1:19:34 PM GMT+5:30","Male","Undergraduate","Affection"
"2025/10/15 4:01:53 PM GMT+5:30","Male","Undergraduate","Affection"
"2025/10/15 4:01:55 PM GMT+5:30","Male","Undergraduate","Affection"
"2025/10/15 4:01:57 PM GMT+5:30","Male","Undergraduate","Exercise"
"2025/10/15 4:01:58 PM GMT+5:30","Male","Undergraduate","Achievement"
"2025/10/15 4:01:59 PM GMT+5:30","Male","Undergraduate","Nature"
"2025/10/15 4:02:00 PM GMT+5:30","Male","Undergraduate","Nature"
"2025/10/15 4:02:03 PM GMT+5:30","Male","Undergraduate","Enjoy the moment"
"2025/10/15 4:02:04 PM GMT+5:30","Male","Undergraduate","Nature"
"2025/10/15 4:02:05 PM GMT+5:30","Female","Undergraduate","Nature"
"2025/10/15 4:02:05 PM GMT+5:30","Male","Undergraduate","Exercise"
"2025/10/15 4:02:05 PM GMT+5:30","Male","Undergraduate","Enjoy the moment"
"2025/10/15 4:02:06 PM GMT+5:30","Male","Undergraduate","Bonding"
"2025/10/15 4:02:06 PM GMT+5:30","Male","Postgraduate","Achievement"
"2025/10/15 4:02:06 PM GMT+5:30","Male","Undergraduate","Bonding"
"2025/10/15 4:02:06 PM GMT+5:30","Male","Undergraduate","Achievement"
"2025/10/15 4:02:06 PM GMT+5:30","Male","Undergraduate","Enjoy the moment"
"2025/10/15 4:02:07 PM GMT+5:30","Male","Undergraduate","Affection"
"2025/10/15 4:02:08 PM GMT+5:30","Male","Undergraduate","Nature"
"2025/10/15 4:02:08 PM GMT+5:30","Male","Undergraduate","Achievement"
"2025/10/15 4:02:09 PM GMT+5:30","Male","Undergraduate","Affection"
"2025/10/15 4:02:09 PM GMT+5:30","Male","Undergraduate","Nature"
"2025/10/15 4:02:09 PM GMT+5:30","Male","Undergraduate","Affection"
"2025/10/15 4:02:10 PM GMT+5:30","Male","Undergraduate","Achievement"
"2025/10/15 4:02:11 PM GMT+5:30","Male","Undergraduate","Achievement"
"2025/10/15 4:02:15 PM GMT+5:30","Male","Undergraduate","Achievement"
"2025/10/15 4:02:15 PM GMT+5:30","Male","Undergraduate","Bonding"
"2025/10/15 4:02:15 PM GMT+5:30","Male","Undergraduate","Leisure"
"2025/10/15 4:02:17 PM GMT+5:30","Male","Undergraduate","Exercise"
"2025/10/15 4:02:17 PM GMT+5:30","Male","Undergraduate","Affection"
"2025/10/15 4:02:17 PM GMT+5:30","Male","Undergraduate","Bonding"
"2025/10/15 4:02:17 PM GMT+5:30","Male","Undergraduate","Leisure"
"2025/10/15 4:02:18 PM GMT+5:30","Male","Undergraduate","Bonding"
"2025/10/15 4:02:18 PM GMT+5:30","Male","Undergraduate","Achievement"
"2025/10/15 4:02:18 PM GMT+5:30","Male","Undergraduate","Achievement"
"2025/10/15 4:02:19 PM GMT+5:30","Male","Undergraduate","Achievement"
"2025/10/15 4:02:19 PM GMT+5:30","Male","Undergraduate","Achievement"
"2025/10/15 4:02:21 PM GMT+5:30","Male","Undergraduate","Achievement"
"2025/10/15 4:02:21 PM GMT+5:30","Male","Undergraduate","Achievement"
"2025/10/15 4:02:21 PM GMT+5:30","Male","Undergraduate","Achievement"
"2025/10/15 4:02:22 PM GMT+5:30","Male","Undergraduate","Affection"
"2025/10/15 4:02:22 PM GMT+5:30","Male","Undergraduate","Bonding"
"2025/10/15 4:02:22 PM GMT+5:30","Female","Undergraduate","Bonding"
"2025/10/15 4:02:22 PM GMT+5:30","Male","Undergraduate","Enjoy the moment"
"2025/10/15 4:02:22 PM GMT+5:30","Male","Undergraduate","Achievement"
"2025/10/15 4:02:23 PM GMT+5:30","Male","Undergraduate","Achievement"
"2025/10/15 4:02:23 PM GMT+5:30","Male","Undergraduate","Enjoy the moment"
"2025/10/15 4:02:23 PM GMT+5:30","Male","Undergraduate","Bonding"
"2025/10/15 4:02:24 PM GMT+5:30","Male","Undergraduate","Achievement"
"2025/10/15 4:02:26 PM GMT+5:30","Male","Undergraduate","Bonding"
"2025/10/15 4:02:26 PM GMT+5:30","Male","Undergraduate","Enjoy the moment"
"2025/10/15 4:02:27 PM GMT+5:30","Female","Undergraduate","Exercise"
"2025/10/15 4:02:27 PM GMT+5:30","Male","Undergraduate","Affection"
"2025/10/15 4:02:28 PM GMT+5:30","Male","Undergraduate","Achievement"
"2025/10/15 4:02:28 PM GMT+5:30","Male","Undergraduate","Bonding"
"2025/10/15 4:02:29 PM GMT+5:30","Male","Undergraduate","Achievement"
"2025/10/15 4:02:29 PM GMT+5:30","Male","Undergraduate","Nature"
"2025/10/15 4:02:31 PM GMT+5:30","Male","Undergraduate","Nature"
"2025/10/15 4:02:32 PM GMT+5:30","Male","Undergraduate","Enjoy the moment"
"2025/10/15 4:02:34 PM GMT+5:30","Male","Undergraduate","Exercise"
"2025/10/15 4:02:35 PM GMT+5:30","Male","Undergraduate","Bonding"
"2025/10/15 4:02:35 PM GMT+5:30","Male","Undergraduate","Achievement"
"2025/10/15 4:02:35 PM GMT+5:30","Male","Undergraduate","Leisure"
"2025/10/15 4:02:36 PM GMT+5:30","Male","Undergraduate","Leisure"
"2025/10/15 4:02:37 PM GMT+5:30","Male","Undergraduate","Exercise"
"2025/10/15 4:02:37 PM GMT+5:30","Male","Undergraduate","Bonding"
"2025/10/15 4:02:37 PM GMT+5:30","Male","Undergraduate","Enjoy the moment"
"2025/10/15 4:02:37 PM GMT+5:30","Male","Undergraduate","Achievement"
"2025/10/15 4:02:37 PM GMT+5:30","Male","Undergraduate","Enjoy the moment"
"2025/10/15 4:02:40 PM GMT+5:30","Female","Undergraduate","Affection"
"2025/10/15 4:02:45 PM GMT+5:30","Male","Postgraduate","Bonding"
"2025/10/15 4:02:46 PM GMT+5:30","Male","Undergraduate","Enjoy the moment"
"2025/10/15 4:02:47 PM GMT+5:30","Male","Undergraduate","Achievement"
"2025/10/15 4:02:47 PM GMT+5:30","Male","Undergraduate","Bonding"
"2025/10/15 4:02:48 PM GMT+5:30","Male","Undergraduate","Affection"
"2025/10/15 4:02:49 PM GMT+5:30","Male","Undergraduate","Nature"
"2025/10/15 4:02:49 PM GMT+5:30","Male","Undergraduate","Enjoy the moment"
"2025/10/15 4:02:50 PM GMT+5:30","Male","Undergraduate","Enjoy the moment"
"2025/10/15 4:02:52 PM GMT+5:30","Male","Undergraduate","Nature"
"2025/10/15 4:02:52 PM GMT+5:30","Female","Undergraduate","Achievement"
"2025/10/15 4:02:53 PM GMT+5:30","Male","Undergraduate","Achievement"
"2025/10/15 4:02:53 PM GMT+5:30","Male","Undergraduate","Nature"
"2025/10/15 4:02:54 PM GMT+5:30","Male","Undergraduate","Enjoy the moment"
"2025/10/15 4:02:54 PM GMT+5:30","Male","Undergraduate","Enjoy the moment"
"2025/10/15 4:02:55 PM GMT+5:30","Male","Undergraduate","Achievement"
"2025/10/15 4:02:57 PM GMT+5:30","Female","Undergraduate","Leisure"
"2025/10/15 4:02:58 PM GMT+5:30","Female","Undergraduate","Achievement"
"2025/10/15 4:02:59 PM GMT+5:30","Male","Undergraduate","Achievement"
"2025/10/15 4:02:59 PM GMT+5:30","Male","Undergraduate","Enjoy the moment"
"2025/10/15 4:02:59 PM GMT+5:30","Male","Undergraduate","Achievement"
"2025/10/15 4:02:59 PM GMT+5:30","Male","Undergraduate","Achievement"
"2025/10/15 4:03:02 PM GMT+5:30","Male","Undergraduate","Affection"
"2025/10/15 4:03:02 PM GMT+5:30","Male","Undergraduate","Achievement"
"2025/10/15 4:03:02 PM GMT+5:30","Male","Undergraduate","Achievement"
"2025/10/15 4:03:05 PM GMT+5:30","Male","Undergraduate","Achievement"
"2025/10/15 4:03:06 PM GMT+5:30","Male","Undergraduate","Affection"
"2025/10/15 4:03:08 PM GMT+5:30","Male","Undergraduate","Leisure"
"2025/10/15 4:03:08 PM GMT+5:30","Female","Undergraduate","Achievement"
"2025/10/15 4:03:09 PM GMT+5:30","Male","Undergraduate","Affection"
"2025/10/15 4:03:14 PM GMT+5:30","Male","Undergraduate","Affection"
"2025/10/15 4:03:15 PM GMT+5:30","Male","Undergraduate","Affection"
"2025/10/15 4:03:15 PM GMT+5:30","Male","Undergraduate","Achievement"
"2025/10/15 4:03:17 PM GMT+5:30","Male","Undergraduate","Achievement"
"2025/10/15 4:03:18 PM GMT+5:30","Male","Undergraduate","Achievement"
"2025/10/15 4:03:18 PM GMT+5:30","Female","Undergraduate","Achievement"
"2025/10/15 4:03:20 PM GMT+5:30","Male","Undergraduate","Achievement"
"2025/10/15 4:03:21 PM GMT+5:30","Male","Undergraduate","Leisure"
"2025/10/15 4:03:22 PM GMT+5:30","Male","Undergraduate","Bonding"
"2025/10/15 4:03:25 PM GMT+5:30","Female","Undergraduate","Achievement"
"2025/10/15 4:03:25 PM GMT+5:30","Male","Undergraduate","Achievement"
"2025/10/15 4:03:26 PM GMT+5:30","Male","Undergraduate","Leisure"
"2025/10/15 4:03:26 PM GMT+5:30","Male","Undergraduate","Achievement"
"2025/10/15 4:03:29 PM GMT+5:30","Male","Undergraduate","Leisure"
"2025/10/15 4:03:29 PM GMT+5:30","Male","Undergraduate","Achievement"
"2025/10/15 4:03:30 PM GMT+5:30","Male","Undergraduate","Affection"
"2025/10/15 4:03:30 PM GMT+5:30","Male","Undergraduate","Bonding"
"2025/10/15 4:03:32 PM GMT+5:30","Female","Undergraduate","Achievement"
"2025/10/15 4:03:36 PM GMT+5:30","Male","Undergraduate","Nature"
"2025/10/15 4:03:40 PM GMT+5:30","Prefer not to say","Undergraduate","Enjoy the moment"
"2025/10/15 4:03:43 PM GMT+5:30","Male","Undergraduate","Achievement"
"2025/10/15 4:03:44 PM GMT+5:30","Male","Undergraduate","Achievement"
"2025/10/15 4:03:52 PM GMT+5:30","Male","Undergraduate","Affection"
"2025/10/15 4:03:59 PM GMT+5:30","Male","Undergraduate","Achievement"
"2025/10/15 4:04:17 PM GMT+5:30","Male","Undergraduate","Enjoy the moment"
"2025/10/15 4:04:17 PM GMT+5:30","Male","Undergraduate","Achievement"
"2025/10/15 4:04:30 PM GMT+5:30","Female","Undergraduate","Affection"
"2025/10/15 4:05:26 PM GMT+5:30","Male","Undergraduate","Achievement"
"2025/10/15 4:07:12 PM GMT+5:30","Female","Undergraduate","Nature"
"2025/10/15 4:07:47 PM GMT+5:30","Male","Undergraduate","Achievement"
"2025/10/15 4:09:16 PM GMT+5:30","Female","Undergraduate","Leisure"
"2025/10/15 4:09:20 PM GMT+5:30","Female","Undergraduate","Leisure"
"2025/10/15 4:16:29 PM GMT+5:30","Male","Undergraduate","Nature"
"2025/10/15 4:21:36 PM GMT+5:30","Female","Undergraduate","Enjoy the moment"
"2025/10/15 4:22:04 PM GMT+5:30","Female","Undergraduate","Enjoy the moment"
"2025/10/15 4:30:06 PM GMT+5:30","Male","Undergraduate","Bonding"
"2025/10/15 4:32:44 PM GMT+5:30","Male","Undergraduate","Leisure"
"2025/10/15 4:34:15 PM GMT+5:30","Male","Undergraduate","Nature"
"2025/10/15 4:46:50 PM GMT+5:30","Male","Undergraduate","Achievement"
"2025/10/15 4:58:19 PM GMT+5:30","Male","Undergraduate","Bonding"
"2025/10/16 4:01:08 PM GMT+5:30","Female","Undergraduate","Achievement"
"2025/10/16 4:01:12 PM GMT+5:30","Male","Undergraduate","Nature"
"2025/10/16 4:01:16 PM GMT+5:30","Female","Undergraduate","Bonding"
"2025/10/16 4:01:16 PM GMT+5:30","Male","Undergraduate","Achievement"
"2025/10/16 4:01:16 PM GMT+5:30","Male","Undergraduate","Enjoy the moment"
"2025/10/16 4:01:17 PM GMT+5:30","Male","Undergraduate","Bonding"
"2025/10/16 4:01:19 PM GMT+5:30","Male","Undergraduate","Leisure"
"2025/10/16 4:01:19 PM GMT+5:30","Male","Undergraduate","Achievement"
"2025/10/16 4:01:21 PM GMT+5:30","Male","Undergraduate","Bonding"
"2025/10/16 4:01:23 PM GMT+5:30","Male","Undergraduate","Bonding"
"2025/10/16 4:01:23 PM GMT+5:30","Male","Undergraduate","Achievement"
"2025/10/16 4:01:24 PM GMT+5:30","Male","Undergraduate","Exercise"
"2025/10/16 4:01:24 PM GMT+5:30","Male","Undergraduate","Bonding"
"2025/10/16 4:01:25 PM GMT+5:30","Female","Undergraduate","Achievement"
"2025/10/16 4:01:27 PM GMT+5:30","Female","Undergraduate","Exercise"
"2025/10/16 4:01:28 PM GMT+5:30","Male","Undergraduate","Achievement"
"2025/10/16 4:01:29 PM GMT+5:30","Male","Undergraduate","Achievement"
"2025/10/16 4:01:30 PM GMT+5:30","Male","Undergraduate","Achievement"
"2025/10/16 4:01:32 PM GMT+5:30","Male","Undergraduate","Achievement"
"2025/10/16 4:01:33 PM GMT+5:30","Male","Undergraduate","Achievement"
"2025/10/16 4:01:33 PM GMT+5:30","Male","Undergraduate","Enjoy the moment"
"2025/10/16 4:01:34 PM GMT+5:30","Male","Undergraduate","Achievement"
"2025/10/16 4:01:34 PM GMT+5:30","Male","Undergraduate","Nature"
"2025/10/16 4:01:34 PM GMT+5:30","Female","Undergraduate","Achievement"
"2025/10/16 4:01:35 PM GMT+5:30","Male","Undergraduate","Achievement"
"2025/10/16 4:01:37 PM GMT+5:30","Female","Undergraduate","Achievement"
"2025/10/16 4:01:38 PM GMT+5:30","Male","Undergraduate","Nature"
"2025/10/16 4:01:39 PM GMT+5:30","Male","Undergraduate","Bonding"
"2025/10/16 4:01:40 PM GMT+5:30","Male","Undergraduate","Leisure"
"2025/10/16 4:01:40 PM GMT+5:30","Female","Undergraduate","Affection"
"2025/10/16 4:01:41 PM GMT+5:30","Male","Undergraduate","Leisure"
"2025/10/16 4:01:41 PM GMT+5:30","Male","Undergraduate","Affection"
"2025/10/16 4:01:41 PM GMT+5:30","Male","Undergraduate","Achievement"
"2025/10/16 4:01:42 PM GMT+5:30","Male","Undergraduate","Enjoy the moment"
"2025/10/16 4:01:42 PM GMT+5:30","Male","Undergraduate","Achievement"
"2025/10/16 4:01:43 PM GMT+5:30","Male","Undergraduate","Exercise"
"2025/10/16 4:01:43 PM GMT+5:30","Male","Undergraduate","Exercise"
"2025/10/16 4:01:44 PM GMT+5:30","Male","Undergraduate","Achievement"
"2025/10/16 4:01:44 PM GMT+5:30","Male","Undergraduate","Leisure"
"2025/10/16 4:01:45 PM GMT+5:30","Male","Undergraduate","Achievement"
"2025/10/16 4:01:46 PM GMT+5:30","Male","Undergraduate","Exercise"
"2025/10/16 4:01:46 PM GMT+5:30","Male","Undergraduate","Affection"
"2025/10/16 4:01:47 PM GMT+5:30","Male","Undergraduate","Exercise"
"2025/10/16 4:01:47 PM GMT+5:30","Male","Undergraduate","Exercise"
"2025/10/16 4:01:47 PM GMT+5:30","Male","Undergraduate","Affection"
"2025/10/16 4:01:48 PM GMT+5:30","Male","Undergraduate","Achievement"
"2025/10/16 4:01:48 PM GMT+5:30","Male","Undergraduate","Enjoy the moment"
"2025/10/16 4:01:48 PM GMT+5:30","Male","Undergraduate","Achievement"
"2025/10/16 4:01:48 PM GMT+5:30","Female","Undergraduate","Affection"
"2025/10/16 4:01:48 PM GMT+5:30","Female","Undergraduate","Leisure"
"2025/10/16 4:01:49 PM GMT+5:30","Male","Undergraduate","Nature"
"2025/10/16 4:01:49 PM GMT+5:30","Male","Undergraduate","Achievement"
"2025/10/16 4:01:49 PM GMT+5:30","Male","Undergraduate","Bonding"
"2025/10/16 4:01:49 PM GMT+5:30","Male","Undergraduate","Affection"
"2025/10/16 4:01:50 PM GMT+5:30","Male","Undergraduate","Enjoy the moment"
"2025/10/16 4:01:50 PM GMT+5:30","Male","Undergraduate","Achievement"
"2025/10/16 4:01:50 PM GMT+5:30","Male","Undergraduate","Enjoy the moment"
"2025/10/16 4:01:50 PM GMT+5:30","Male","Undergraduate","Enjoy the moment"
"2025/10/16 4:01:51 PM GMT+5:30","Male","Undergraduate","Enjoy the moment"
"2025/10/16 4:01:51 PM GMT+5:30","Prefer not to say","Undergraduate","Achievement"
"2025/10/16 4:01:52 PM GMT+5:30","Female","Undergraduate","Achievement"
"2025/10/16 4:01:52 PM GMT+5:30","Male","Undergraduate","Achievement"
"2025/10/16 4:01:54 PM GMT+5:30","Male","Undergraduate","Achievement"
"2025/10/16 4:01:54 PM GMT+5:30","Male","Undergraduate","Bonding"
"2025/10/16 4:01:54 PM GMT+5:30","Male","Undergraduate","Nature"
"2025/10/16 4:01:55 PM GMT+5:30","Male","Undergraduate","Enjoy the moment"
"2025/10/16 4:01:56 PM GMT+5:30","Male","Undergraduate","Achievement"
"2025/10/16 4:01:57 PM GMT+5:30","Female","Undergraduate","Nature"
"2025/10/16 4:01:57 PM GMT+5:30","Female","Undergraduate","Nature"
"2025/10/16 4:01:58 PM GMT+5:30","Male","Undergraduate","Achievement"
"2025/10/16 4:01:58 PM GMT+5:30","Male","Undergraduate","Achievement"
"2025/10/16 4:02:01 PM GMT+5:30","Male","Undergraduate","Enjoy the moment"
"2025/10/16 4:02:04 PM GMT+5:30","Male","Undergraduate","Achievement"
"2025/10/16 4:02:05 PM GMT+5:30","Female","Undergraduate","Bonding"
"2025/10/16 4:02:07 PM GMT+5:30","Male","Undergraduate","Affection"
"2025/10/16 4:02:07 PM GMT+5:30","Male","Undergraduate","Affection"
"2025/10/16 4:02:08 PM GMT+5:30","Male","Undergraduate","Achievement"
"2025/10/16 4:02:09 PM GMT+5:30","Male","Undergraduate","Enjoy the moment"
"2025/10/16 4:02:15 PM GMT+5:30","Female","Undergraduate","Achievement"
"2025/10/16 4:02:23 PM GMT+5:30","Male","Undergraduate","Enjoy the moment"
"2025/10/16 4:02:24 PM GMT+5:30","Male","Undergraduate","Nature"
"2025/10/16 4:02:24 PM GMT+5:30","Female","Undergraduate","Bonding"
"2025/10/16 4:02:40 PM GMT+5:30","Male","Undergraduate","Achievement"
"2025/10/16 4:02:57 PM GMT+5:30","Male","Undergraduate","Exercise"
"2025/10/16 4:03:13 PM GMT+5:30","Female","Undergraduate","Achievement"
"2025/10/16 4:03:27 PM GMT+5:30","Male","Undergraduate","Exercise"
"2025/10/16 4:04:10 PM GMT+5:30","Female","Undergraduate","Nature"
"2025/10/16 4:04:24 PM GMT+5:30","Male","Undergraduate","Enjoy the moment"
"2025/10/16 4:04:47 PM GMT+5:30","Male","Undergraduate","Bonding"
"2025/10/16 4:05:46 PM GMT+5:30","Male","Undergraduate","Bonding"
"2025/10/16 6:08:19 PM GMT+5:30","Female","Postgraduate","Achievement"
"2025/10/16 6:08:35 PM GMT+5:30","Male","Postgraduate","Exercise"
"2025/10/16 6:08:58 PM GMT+5:30","Male","Postgraduate","Nature"
"2025/10/16 6:09:35 PM GMT+5:30","Male","Postgraduate","Bonding"
"2025/10/16 6:10:08 PM GMT+5:30","Female","Postgraduate","Achievement"
"2025/10/16 6:11:24 PM GMT+5:30","Male","Postgraduate","Leisure"
"2025/10/16 6:12:01 PM GMT+5:30","Male","Postgraduate","Bonding"
"2025/10/16 6:12:46 PM GMT+5:30","Male","Postgraduate","Enjoy the moment"
"2025/10/16 6:14:13 PM GMT+5:30","Female","Postgraduate","Achievement"
"2025/10/16 6:15:23 PM GMT+5:30","Female","Postgraduate","Achievement"
"2025/10/16 6:15:29 PM GMT+5:30","Male","Postgraduate","Bonding"
"2025/10/16 6:16:56 PM GMT+5:30","Male","Postgraduate","Exercise"
"2025/10/16 6:19:35 PM GMT+5:30","Female","Postgraduate","Achievement"
"2025/10/16 6:23:09 PM GMT+5:30","Female","Postgraduate","Achievement"
"2025/10/16 6:24:58 PM GMT+5:30","Female","Postgraduate","Nature"
"2025/10/16 6:25:03 PM GMT+5:30","Male","Postgraduate","Nature"
"2025/10/16 6:48:21 PM GMT+5:30","Male","Undergraduate","Affection"
"2025/10/16 6:48:40 PM GMT+5:30","Male","Postgraduate","Affection"
"2025/10/16 6:50:20 PM GMT+5:30","Male","Postgraduate","Enjoy the moment"
"2025/10/16 6:53:31 PM GMT+5:30","Female","Postgraduate","Leisure"
"2025/10/16 7:26:49 PM GMT+5:30","Male","Postgraduate","Nature"
"2025/10/16 7:42:52 PM GMT+5:30","Female","Postgraduate","Affection"
"2025/10/16 8:01:45 PM GMT+5:30","Male","Postgraduate","Affection"
"2025/10/16 8:13:54 PM GMT+5:30","Female","Postgraduate","Nature"
"2025/10/16 8:17:19 PM GMT+5:30","Female","Postgraduate","Bonding"
"2025/10/16 9:00:01 PM GMT+5:30","Male","Postgraduate","Affection"
"2025/10/16 9:39:06 PM GMT+5:30","Male","Postgraduate","Bonding"
"2025/10/16 11:37:19 PM GMT+5:30","Female","Postgraduate","Affection"
"2025/10/17 6:43:03 AM GMT+5:30","Male","Postgraduate","Exercise"
"2025/10/17 6:43:15 AM GMT+5:30","Male","Postgraduate","Exercise"
"2025/10/17 7:56:45 AM GMT+5:30","Male","Postgraduate","Enjoy the moment"
"2025/10/17 6:20:03 PM GMT+5:30","Female","Postgraduate","Achievement"
"2025/10/30 2:31:37 PM GMT+5:30","Female","Postgraduate","Bonding"
